{
    "epoch": 6.0,
    "predict_accuracy": 0.8376068376068376,
    "predict_f1": 0.8375593715747169,
    "predict_loss": 0.4159718453884125,
    "predict_precision": 0.8377192982456141,
    "predict_recall": 0.8375219170075978,
    "predict_runtime": 0.0544,
    "predict_samples_per_second": 18.394,
    "predict_steps_per_second": 18.394,
    "train_loss": 0.7038717358874709,
    "train_runtime": 9918.008,
    "train_samples": 12575,
    "train_samples_per_second": 3.804,
    "train_steps_per_second": 0.119
}


